{
  "author" : "Julien Vincenot",
  "authors" : [  ],
  "description" : "A set of pedagogical tools designed to explore musical writing, creation and computer programming. MOZ'Lib is made of several modules (or bpatchers) largely based on the bach library created by Andrea Agostini and Daniele Ghisi.",
  "extends" : "",
  "extensible" : 0,
  "homepatcher" : "MOZ'Lib Overview.maxpat",
  "max_version_max" : "none",
  "max_version_min" : "7.3.6",
  "name" : "MOZLib",
  "os" :  {
    "macintosh" :     {
      "platform" : [ "x64" ],
      "min_version" : "10.8.x"
    }
,
    "windows" :     {
      "platform" : [ "x64" ],
      "min_version" : "10"
    }

  }
,
  "tags": ["pedagogy", "bpatchers", "bach", "cage", "lisp", "sbcl", "language", "computer-aided composition", "notation", "score", "roll", "composition", "generation", "algorithmic music", "symbolic composition"],
  "version" : "1.2.5",
  "website" : "http://julienvincenot.com/?page_id=235"


}
